phase,split,method,episodes,success_rate,success_ci95,final_distance_mean,final_distance_ci95,violation_rate,violation_ci95,energy_regret_mean,energy_regret_ci95,decision_trust_mean,decision_uncertainty_mean,shield_activation_rate,repair_prediction_error_mean
early,actuation_bias_shift,corm_no_safety,88,0.193182,0.082960,0.135778,0.016429,0.284091,0.094766,0.142920,0.029644,0.218341,0.178966,0.000000,0.102122
early,actuation_bias_shift,corm_no_uncertainty,88,0.193182,0.082960,0.142450,0.017329,0.238636,0.089570,0.135713,0.028024,0.535000,0.180407,0.022727,0.094458
early,actuation_bias_shift,corm_repair_memory_v5,88,0.193182,0.082960,0.135716,0.016396,0.272727,0.093586,0.139413,0.028838,0.222145,0.178762,0.011364,0.099769
early,actuation_bias_shift,global_average_repair,88,0.193182,0.082960,0.134851,0.016390,0.295455,0.095873,0.145481,0.030477,0.204601,0.149555,0.000000,0.107381
early,actuation_bias_shift,knn_repair_memory_v4,88,0.181818,0.081048,0.136957,0.015871,0.295455,0.095873,0.147567,0.030722,0.148651,0.198356,0.000000,0.107851
early,actuation_bias_shift,last_repair_memory,88,0.147727,0.074562,0.142898,0.015262,0.306818,0.096908,0.157009,0.029764,0.050505,0.168182,0.000000,0.113655
early,actuation_bias_shift,nominal_mpc,88,0.159091,0.076859,0.147155,0.016257,0.284091,0.094766,0.154457,0.030143,0.000000,0.000000,0.000000,0.118709
early,actuation_bias_shift,online_ridge_residual,88,0.181818,0.081048,0.136187,0.015448,0.284091,0.094766,0.143433,0.029281,0.535000,0.181609,0.000000,0.095981
early,actuation_bias_shift,oracle_hidden_deployment,88,0.590909,0.103316,0.079188,0.011514,0.000000,0.000000,0.000000,0.000000,0.000000,0.000000,0.000000,0.101144
early,actuation_bias_shift,random_candidate,88,0.045455,0.043771,0.260867,0.026435,0.431818,0.104086,0.312578,0.038109,0.000000,0.000000,0.000000,0.149575
early,actuation_bias_shift,robust_worst_case_mpc,88,0.125000,0.069495,0.147262,0.015290,0.250000,0.090991,0.142858,0.026842,0.000000,0.000000,0.000000,0.098132
early,combined_shift,corm_no_safety,88,0.068182,0.052966,0.189357,0.017805,0.488636,0.105040,0.223291,0.028733,0.215077,0.192222,0.000000,0.160782
early,combined_shift,corm_no_uncertainty,88,0.056818,0.048645,0.202483,0.021712,0.375000,0.101731,0.202397,0.028140,0.535000,0.197059,0.056818,0.144317
early,combined_shift,corm_repair_memory_v5,88,0.068182,0.052966,0.188643,0.017849,0.488636,0.105040,0.222607,0.028685,0.215350,0.192017,0.011364,0.160017
early,combined_shift,global_average_repair,88,0.045455,0.043771,0.194754,0.018386,0.511364,0.105040,0.235726,0.029622,0.165752,0.207703,0.000000,0.181279
early,combined_shift,knn_repair_memory_v4,88,0.056818,0.048645,0.194042,0.017490,0.500000,0.105067,0.231433,0.028847,0.131976,0.236497,0.000000,0.178050
early,combined_shift,last_repair_memory,88,0.045455,0.043771,0.202048,0.017847,0.500000,0.105067,0.239787,0.028775,0.050505,0.168182,0.000000,0.190594
early,combined_shift,nominal_mpc,88,0.034091,0.038131,0.201894,0.017275,0.488636,0.105040,0.235711,0.028246,0.000000,0.000000,0.000000,0.183132
early,combined_shift,online_ridge_residual,88,0.056818,0.048645,0.185746,0.019955,0.454545,0.104632,0.209362,0.030430,0.535000,0.196865,0.000000,0.149892
early,combined_shift,oracle_hidden_deployment,88,0.397727,0.102846,0.114086,0.016767,0.000000,0.000000,0.000000,0.000000,0.000000,0.000000,0.000000,0.117208
early,combined_shift,random_candidate,88,0.022727,0.031317,0.250420,0.023869,0.579545,0.103729,0.312078,0.035873,0.000000,0.000000,0.000000,0.180874
early,combined_shift,robust_worst_case_mpc,88,0.034091,0.038131,0.190606,0.016858,0.409091,0.103316,0.199372,0.029337,0.000000,0.000000,0.000000,0.150692
early,heavy_object_shift,corm_no_safety,88,0.215909,0.086460,0.121607,0.013285,0.318182,0.097874,0.147727,0.030634,0.232562,0.178523,0.000000,0.090172
early,heavy_object_shift,corm_no_uncertainty,88,0.306818,0.096908,0.129382,0.018968,0.204545,0.084762,0.121172,0.028097,0.535000,0.179926,0.011364,0.076174
early,heavy_object_shift,corm_repair_memory_v5,88,0.215909,0.086460,0.126400,0.014218,0.318182,0.097874,0.152549,0.031358,0.233847,0.177565,0.000000,0.090193
early,heavy_object_shift,global_average_repair,88,0.227273,0.088061,0.120258,0.012983,0.295455,0.095873,0.139618,0.029718,0.201071,0.154426,0.000000,0.095946
early,heavy_object_shift,knn_repair_memory_v4,88,0.215909,0.086460,0.120267,0.013133,0.306818,0.096908,0.143189,0.029574,0.147145,0.201141,0.000000,0.092517
early,heavy_object_shift,last_repair_memory,88,0.204545,0.084762,0.125143,0.013227,0.306818,0.096908,0.147886,0.029922,0.050505,0.168182,0.000000,0.101332
early,heavy_object_shift,nominal_mpc,88,0.215909,0.086460,0.124797,0.013319,0.318182,0.097874,0.151002,0.030012,0.000000,0.000000,0.000000,0.103416
early,heavy_object_shift,online_ridge_residual,88,0.318182,0.097874,0.116664,0.015800,0.261364,0.092328,0.125590,0.029624,0.535000,0.180740,0.000000,0.077716
early,heavy_object_shift,oracle_hidden_deployment,88,0.568182,0.104086,0.069313,0.010361,0.000000,0.000000,0.000000,0.000000,0.000000,0.000000,0.000000,0.092506
early,heavy_object_shift,random_candidate,88,0.045455,0.043771,0.233138,0.026129,0.465909,0.104823,0.303702,0.037083,0.000000,0.000000,0.000000,0.093111
early,heavy_object_shift,robust_worst_case_mpc,88,0.102273,0.063672,0.141166,0.011169,0.284091,0.094766,0.156138,0.028670,0.000000,0.000000,0.000000,0.088541
early,high_friction_shift,corm_no_safety,88,0.090909,0.060409,0.163710,0.014120,0.352273,0.100376,0.183685,0.032856,0.212995,0.199064,0.000000,0.130658
early,high_friction_shift,corm_no_uncertainty,88,0.090909,0.060409,0.170221,0.015687,0.261364,0.092328,0.163148,0.029046,0.535000,0.201000,0.022727,0.126595
early,high_friction_shift,corm_repair_memory_v5,88,0.090909,0.060409,0.164480,0.014082,0.352273,0.100376,0.184410,0.032940,0.213059,0.199022,0.000000,0.130506
early,high_friction_shift,global_average_repair,88,0.102273,0.063672,0.164338,0.014329,0.340909,0.099607,0.180947,0.032590,0.185083,0.176722,0.000000,0.135368
early,high_friction_shift,knn_repair_memory_v4,88,0.113636,0.066690,0.164137,0.014392,0.352273,0.100376,0.184152,0.032749,0.136804,0.220131,0.000000,0.134572
early,high_friction_shift,last_repair_memory,88,0.113636,0.066690,0.166721,0.014217,0.306818,0.096908,0.173083,0.032368,0.050505,0.168182,0.000000,0.137920
early,high_friction_shift,nominal_mpc,88,0.113636,0.066690,0.166674,0.014010,0.295455,0.095873,0.169592,0.031728,0.000000,0.000000,0.000000,0.137911
early,high_friction_shift,online_ridge_residual,88,0.102273,0.063672,0.161573,0.014912,0.295455,0.095873,0.164757,0.029527,0.535000,0.202883,0.000000,0.129686
early,high_friction_shift,oracle_hidden_deployment,88,0.454545,0.104632,0.086439,0.009749,0.000000,0.000000,0.000000,0.000000,0.000000,0.000000,0.000000,0.103204
early,high_friction_shift,random_candidate,88,0.011364,0.022273,0.229348,0.019490,0.534091,0.104823,0.303842,0.034241,0.000000,0.000000,0.000000,0.133235
early,high_friction_shift,robust_worst_case_mpc,88,0.090909,0.060409,0.172716,0.014076,0.215909,0.086460,0.150496,0.027349,0.000000,0.000000,0.000000,0.119634
early,light_object_shift,corm_no_safety,88,0.113636,0.066690,0.149613,0.014849,0.272727,0.093586,0.146846,0.026282,0.225727,0.185964,0.000000,0.113044
early,light_object_shift,corm_no_uncertainty,88,0.136364,0.072113,0.145710,0.015921,0.261364,0.092328,0.138913,0.028851,0.535000,0.186794,0.034091,0.098030
early,light_object_shift,corm_repair_memory_v5,88,0.113636,0.066690,0.149613,0.014849,0.272727,0.093586,0.146846,0.026282,0.225727,0.185964,0.000000,0.113044
early,light_object_shift,global_average_repair,88,0.090909,0.060409,0.156905,0.015530,0.306818,0.096908,0.164570,0.028123,0.194036,0.167949,0.000000,0.122627
early,light_object_shift,knn_repair_memory_v4,88,0.068182,0.052966,0.158309,0.015248,0.306818,0.096908,0.165839,0.026767,0.141073,0.214183,0.000000,0.127905
early,light_object_shift,last_repair_memory,88,0.045455,0.043771,0.172728,0.015369,0.329545,0.098773,0.187436,0.028435,0.050505,0.168182,0.000000,0.139052
early,light_object_shift,nominal_mpc,88,0.045455,0.043771,0.175772,0.016211,0.329545,0.098773,0.190555,0.028574,0.000000,0.000000,0.000000,0.142128
early,light_object_shift,online_ridge_residual,88,0.159091,0.076859,0.139540,0.015850,0.284091,0.094766,0.139620,0.029198,0.535000,0.188745,0.000000,0.094655
early,light_object_shift,oracle_hidden_deployment,88,0.465909,0.104823,0.086419,0.011115,0.000000,0.000000,0.000000,0.000000,0.000000,0.000000,0.000000,0.124171
early,light_object_shift,random_candidate,88,0.011364,0.022273,0.303762,0.026178,0.409091,0.103316,0.342535,0.031970,0.000000,0.000000,0.000000,0.162481
early,light_object_shift,robust_worst_case_mpc,88,0.068182,0.052966,0.158028,0.013900,0.261364,0.092328,0.150665,0.025483,0.000000,0.000000,0.000000,0.128104
early,low_friction_shift,corm_no_safety,88,0.204545,0.084762,0.124997,0.012830,0.284091,0.094766,0.133718,0.028055,0.224003,0.188553,0.000000,0.090241
early,low_friction_shift,corm_no_uncertainty,88,0.238636,0.089570,0.124395,0.013728,0.261364,0.092328,0.126066,0.028682,0.535000,0.188959,0.022727,0.085393
early,low_friction_shift,corm_repair_memory_v5,88,0.204545,0.084762,0.125127,0.012816,0.284091,0.094766,0.133817,0.028042,0.223896,0.188632,0.000000,0.089687
early,low_friction_shift,global_average_repair,88,0.204545,0.084762,0.124757,0.013094,0.284091,0.094766,0.133646,0.028415,0.201903,0.157403,0.000000,0.088864
early,low_friction_shift,knn_repair_memory_v4,88,0.204545,0.084762,0.124937,0.012888,0.306818,0.096908,0.140594,0.028587,0.148290,0.202107,0.000000,0.090700
early,low_friction_shift,last_repair_memory,88,0.159091,0.076859,0.126910,0.012757,0.306818,0.096908,0.142782,0.028630,0.050505,0.168182,0.000000,0.092560
early,low_friction_shift,nominal_mpc,88,0.147727,0.074562,0.128073,0.012680,0.329545,0.098773,0.150869,0.028586,0.000000,0.000000,0.000000,0.093424
early,low_friction_shift,online_ridge_residual,88,0.250000,0.090991,0.125842,0.014182,0.272727,0.093586,0.130832,0.029210,0.535000,0.188830,0.000000,0.087817
early,low_friction_shift,oracle_hidden_deployment,88,0.602273,0.102846,0.077561,0.010827,0.000000,0.000000,0.000000,0.000000,0.000000,0.000000,0.000000,0.100710
early,low_friction_shift,random_candidate,88,0.034091,0.038131,0.251866,0.028103,0.454545,0.104632,0.312000,0.037870,0.000000,0.000000,0.000000,0.106082
early,low_friction_shift,robust_worst_case_mpc,88,0.215909,0.086460,0.109647,0.010635,0.215909,0.086460,0.096958,0.023846,0.000000,0.000000,0.000000,0.095184
early,nominal,corm_no_safety,88,0.522727,0.104958,0.087594,0.012083,0.193182,0.082960,0.079813,0.026687,0.236925,0.174596,0.000000,0.048589
early,nominal,corm_no_uncertainty,88,0.443182,0.104386,0.092391,0.012455,0.170455,0.079017,0.077418,0.025947,0.535000,0.173344,0.000000,0.046570
early,nominal,corm_repair_memory_v5,88,0.500000,0.105067,0.088509,0.012008,0.193182,0.082960,0.080780,0.026626,0.236947,0.174601,0.000000,0.048609
early,nominal,global_average_repair,88,0.545455,0.104632,0.084167,0.012049,0.193182,0.082960,0.076607,0.026663,0.219134,0.131931,0.000000,0.048878
early,nominal,knn_repair_memory_v4,88,0.534091,0.104823,0.086709,0.012086,0.204545,0.084762,0.082385,0.027807,0.155295,0.185794,0.000000,0.049761
early,nominal,last_repair_memory,88,0.545455,0.104632,0.083489,0.011860,0.170455,0.079017,0.069134,0.024871,0.050505,0.168182,0.000000,0.047208
early,nominal,nominal_mpc,88,0.545455,0.104632,0.083730,0.011972,0.170455,0.079017,0.069373,0.024841,0.000000,0.000000,0.000000,0.047264
early,nominal,online_ridge_residual,88,0.443182,0.104386,0.090626,0.012029,0.193182,0.082960,0.082544,0.026665,0.535000,0.173879,0.000000,0.047939
early,nominal,oracle_hidden_deployment,88,0.670455,0.098773,0.065489,0.010249,0.000000,0.000000,0.000000,0.000000,0.000000,0.000000,0.000000,0.047928
early,nominal,random_candidate,88,0.045455,0.043771,0.261402,0.023946,0.454545,0.104632,0.332079,0.036957,0.000000,0.000000,0.000000,0.061677
early,nominal,robust_worst_case_mpc,88,0.295455,0.095873,0.111359,0.011421,0.068182,0.052966,0.065116,0.017497,0.000000,0.000000,0.000000,0.038930
early,nonstationary_deployment_shift,corm_no_safety,88,0.079545,0.056860,0.186319,0.018522,0.420455,0.103729,0.216835,0.030642,0.201871,0.203431,0.000000,0.165954
early,nonstationary_deployment_shift,corm_no_uncertainty,88,0.056818,0.048645,0.195271,0.018833,0.375000,0.101731,0.211907,0.027288,0.535000,0.199386,0.090909,0.145608
early,nonstationary_deployment_shift,corm_repair_memory_v5,88,0.079545,0.056860,0.187754,0.018767,0.409091,0.103316,0.214861,0.030552,0.201674,0.203610,0.000000,0.165964
early,nonstationary_deployment_shift,global_average_repair,88,0.079545,0.056860,0.186585,0.019041,0.420455,0.103729,0.216929,0.029293,0.169052,0.199596,0.000000,0.171583
early,nonstationary_deployment_shift,knn_repair_memory_v4,88,0.102273,0.063672,0.186700,0.020064,0.431818,0.104086,0.220616,0.031026,0.131251,0.236218,0.000000,0.174727
early,nonstationary_deployment_shift,last_repair_memory,88,0.068182,0.052966,0.191914,0.019946,0.431818,0.104086,0.225738,0.031244,0.050505,0.168182,0.000000,0.176555
early,nonstationary_deployment_shift,nominal_mpc,88,0.090909,0.060409,0.187671,0.020481,0.431818,0.104086,0.221524,0.031950,0.000000,0.000000,0.000000,0.174072
early,nonstationary_deployment_shift,online_ridge_residual,88,0.045455,0.043771,0.189570,0.018178,0.409091,0.103316,0.216336,0.027736,0.535000,0.202585,0.000000,0.151874
early,nonstationary_deployment_shift,oracle_hidden_deployment,88,0.488636,0.105040,0.093203,0.015872,0.011364,0.022273,0.000000,0.000000,0.000000,0.000000,0.000000,0.128314
early,nonstationary_deployment_shift,random_candidate,88,0.011364,0.022273,0.282884,0.032876,0.409091,0.103316,0.309876,0.042077,0.000000,0.000000,0.000000,0.181952
early,nonstationary_deployment_shift,robust_worst_case_mpc,88,0.079545,0.056860,0.180401,0.017087,0.363636,0.101084,0.192424,0.027277,0.000000,0.000000,0.000000,0.146366
early,obstacle_shift,corm_no_safety,88,0.045455,0.043771,0.163258,0.014723,0.375000,0.101731,0.164076,0.027711,0.223415,0.181855,0.000000,0.100162
early,obstacle_shift,corm_no_uncertainty,88,0.056818,0.048645,0.187571,0.018626,0.284091,0.094766,0.161192,0.026884,0.535000,0.183075,0.011364,0.093505
early,obstacle_shift,corm_repair_memory_v5,88,0.045455,0.043771,0.163258,0.014723,0.375000,0.101731,0.164076,0.027711,0.223415,0.181855,0.000000,0.100162
early,obstacle_shift,global_average_repair,88,0.045455,0.043771,0.164397,0.014062,0.397727,0.102846,0.172370,0.029189,0.197238,0.161520,0.000000,0.107744
early,obstacle_shift,knn_repair_memory_v4,88,0.056818,0.048645,0.166452,0.014117,0.397727,0.102846,0.174420,0.028707,0.144264,0.207802,0.000000,0.108441
early,obstacle_shift,last_repair_memory,88,0.045455,0.043771,0.166475,0.014208,0.397727,0.102846,0.174396,0.028735,0.050505,0.168182,0.000000,0.113761
early,obstacle_shift,nominal_mpc,88,0.056818,0.048645,0.168384,0.013692,0.409091,0.103316,0.179665,0.028832,0.000000,0.000000,0.000000,0.111117
early,obstacle_shift,online_ridge_residual,88,0.045455,0.043771,0.172498,0.015739,0.340909,0.099607,0.163221,0.026865,0.535000,0.185116,0.000000,0.098184
early,obstacle_shift,oracle_hidden_deployment,88,0.340909,0.099607,0.112225,0.014027,0.000000,0.000000,0.000000,0.000000,0.000000,0.000000,0.000000,0.126800
early,obstacle_shift,random_candidate,88,0.011364,0.022273,0.262625,0.021538,0.579545,0.103729,0.325424,0.031624,0.000000,0.000000,0.000000,0.156639
early,obstacle_shift,robust_worst_case_mpc,88,0.090909,0.060409,0.167481,0.014017,0.306818,0.096908,0.146543,0.027207,0.000000,0.000000,0.000000,0.103488
late,actuation_bias_shift,corm_no_safety,80,0.187500,0.086071,0.139353,0.017716,0.275000,0.098464,0.149996,0.030532,0.582964,0.110901,0.000000,0.091865
late,actuation_bias_shift,corm_no_uncertainty,80,0.287500,0.099805,0.156995,0.024164,0.150000,0.078740,0.129675,0.027185,0.920000,0.108763,0.087500,0.073498
late,actuation_bias_shift,corm_repair_memory_v5,80,0.200000,0.088207,0.156515,0.022525,0.162500,0.081351,0.133249,0.027542,0.593234,0.112728,0.025000,0.088939
late,actuation_bias_shift,global_average_repair,80,0.150000,0.078740,0.144836,0.018125,0.287500,0.099805,0.158911,0.030470,0.524541,0.178693,0.000000,0.123905
late,actuation_bias_shift,knn_repair_memory_v4,80,0.262500,0.097026,0.133909,0.017561,0.250000,0.095487,0.136981,0.029544,0.603591,0.175712,0.000000,0.092196
late,actuation_bias_shift,last_repair_memory,80,0.075000,0.058082,0.158050,0.017017,0.300000,0.101054,0.175761,0.030295,0.055556,0.160000,0.000000,0.145893
late,actuation_bias_shift,nominal_mpc,80,0.075000,0.058082,0.158724,0.017120,0.300000,0.101054,0.176581,0.030642,0.000000,0.000000,0.000000,0.149323
late,actuation_bias_shift,online_ridge_residual,80,0.237500,0.093841,0.139869,0.019038,0.287500,0.099805,0.153826,0.032848,0.920000,0.115191,0.000000,0.084477
late,actuation_bias_shift,oracle_hidden_deployment,80,0.612500,0.107431,0.072885,0.011147,0.000000,0.000000,0.000000,0.000000,0.000000,0.000000,0.000000,0.118192
late,actuation_bias_shift,random_candidate,80,0.050000,0.048061,0.260117,0.030626,0.525000,0.110121,0.345864,0.043223,0.000000,0.000000,0.000000,0.133311
late,actuation_bias_shift,robust_worst_case_mpc,80,0.125000,0.072929,0.154336,0.017689,0.237500,0.093841,0.152353,0.029147,0.000000,0.000000,0.000000,0.119672
late,combined_shift,corm_no_safety,80,0.100000,0.066155,0.168144,0.018818,0.425000,0.109011,0.191405,0.031354,0.509695,0.129783,0.000000,0.124795
late,combined_shift,corm_no_uncertainty,80,0.050000,0.048061,0.212084,0.026320,0.212500,0.090208,0.170842,0.025476,0.920000,0.128572,0.125000,0.089828
late,combined_shift,corm_repair_memory_v5,80,0.075000,0.058082,0.199831,0.023165,0.325000,0.103285,0.193039,0.028479,0.512379,0.128669,0.050000,0.124828
late,combined_shift,global_average_repair,80,0.062500,0.053379,0.192130,0.019436,0.450000,0.109706,0.222930,0.031592,0.449804,0.228472,0.000000,0.164071
late,combined_shift,knn_repair_memory_v4,80,0.062500,0.053379,0.180455,0.018521,0.425000,0.109011,0.203972,0.030910,0.536690,0.226035,0.000000,0.140881
late,combined_shift,last_repair_memory,80,0.050000,0.048061,0.191740,0.018153,0.475000,0.110121,0.229640,0.032587,0.055556,0.160000,0.000000,0.169906
late,combined_shift,nominal_mpc,80,0.050000,0.048061,0.194693,0.018086,0.475000,0.110121,0.232526,0.033042,0.000000,0.000000,0.000000,0.173340
late,combined_shift,online_ridge_residual,80,0.087500,0.062311,0.175761,0.020623,0.375000,0.106757,0.183797,0.028986,0.920000,0.138749,0.000000,0.099650
late,combined_shift,oracle_hidden_deployment,80,0.487500,0.110224,0.098216,0.017448,0.025000,0.034428,0.000000,0.000000,0.000000,0.000000,0.000000,0.158587
late,combined_shift,random_candidate,80,0.025000,0.034428,0.254315,0.024336,0.412500,0.108557,0.273840,0.036698,0.000000,0.000000,0.000000,0.172101
late,combined_shift,robust_worst_case_mpc,80,0.075000,0.058082,0.194889,0.018391,0.350000,0.105180,0.194063,0.029860,0.000000,0.000000,0.000000,0.151048
late,heavy_object_shift,corm_no_safety,80,0.187500,0.086071,0.127017,0.014991,0.387500,0.107431,0.162069,0.033188,0.603745,0.100747,0.000000,0.069239
late,heavy_object_shift,corm_no_uncertainty,80,0.087500,0.062311,0.163398,0.021283,0.225000,0.092084,0.149565,0.026087,0.920000,0.100446,0.037500,0.052166
late,heavy_object_shift,corm_repair_memory_v5,80,0.187500,0.086071,0.146883,0.020719,0.287500,0.099805,0.151604,0.030243,0.630548,0.098771,0.037500,0.062256
late,heavy_object_shift,global_average_repair,80,0.137500,0.075940,0.123157,0.013490,0.450000,0.109706,0.177522,0.032425,0.545400,0.163761,0.000000,0.093164
late,heavy_object_shift,knn_repair_memory_v4,80,0.125000,0.072929,0.128638,0.012738,0.387500,0.107431,0.164374,0.033367,0.611254,0.167041,0.000000,0.074646
late,heavy_object_shift,last_repair_memory,80,0.087500,0.062311,0.129893,0.012549,0.437500,0.109394,0.180279,0.031706,0.055556,0.160000,0.000000,0.104952
late,heavy_object_shift,nominal_mpc,80,0.087500,0.062311,0.130766,0.012719,0.437500,0.109394,0.181206,0.031982,0.000000,0.000000,0.000000,0.105819
late,heavy_object_shift,online_ridge_residual,80,0.137500,0.075940,0.139672,0.019244,0.387500,0.107431,0.174790,0.033208,0.920000,0.101619,0.000000,0.067729
late,heavy_object_shift,oracle_hidden_deployment,80,0.500000,0.110259,0.080949,0.010936,0.000000,0.000000,0.000000,0.000000,0.000000,0.000000,0.000000,0.090579
late,heavy_object_shift,random_candidate,80,0.012500,0.024500,0.239628,0.023598,0.537500,0.109948,0.319253,0.034209,0.000000,0.000000,0.000000,0.108226
late,heavy_object_shift,robust_worst_case_mpc,80,0.112500,0.069679,0.147396,0.013164,0.312500,0.102212,0.158736,0.030319,0.000000,0.000000,0.000000,0.075662
late,high_friction_shift,corm_no_safety,80,0.212500,0.090208,0.130183,0.014059,0.162500,0.081351,0.101942,0.026655,0.586932,0.128357,0.000000,0.086749
late,high_friction_shift,corm_no_uncertainty,80,0.100000,0.066155,0.160238,0.016263,0.150000,0.078740,0.128400,0.026453,0.920000,0.125630,0.000000,0.077495
late,high_friction_shift,corm_repair_memory_v5,80,0.200000,0.088207,0.139029,0.016161,0.125000,0.072929,0.099573,0.025330,0.587527,0.127903,0.000000,0.084867
late,high_friction_shift,global_average_repair,80,0.162500,0.081351,0.139820,0.013421,0.212500,0.090208,0.125695,0.028877,0.504524,0.189350,0.000000,0.110217
late,high_friction_shift,knn_repair_memory_v4,80,0.225000,0.092084,0.133335,0.013057,0.162500,0.081351,0.104748,0.028283,0.586453,0.184531,0.000000,0.089034
late,high_friction_shift,last_repair_memory,80,0.087500,0.062311,0.158222,0.013816,0.262500,0.097026,0.159492,0.032489,0.055556,0.160000,0.000000,0.134231
late,high_friction_shift,nominal_mpc,80,0.112500,0.069679,0.162162,0.014291,0.250000,0.095487,0.159719,0.032721,0.000000,0.000000,0.000000,0.139331
late,high_friction_shift,online_ridge_residual,80,0.112500,0.069679,0.145557,0.014634,0.187500,0.086071,0.124964,0.028207,0.920000,0.141180,0.000000,0.084771
late,high_friction_shift,oracle_hidden_deployment,80,0.600000,0.108031,0.078039,0.009720,0.000000,0.000000,0.000000,0.000000,0.000000,0.000000,0.000000,0.100841
late,high_friction_shift,random_candidate,80,0.012500,0.024500,0.267292,0.026517,0.437500,0.109394,0.320944,0.042065,0.000000,0.000000,0.000000,0.132819
late,high_friction_shift,robust_worst_case_mpc,80,0.087500,0.062311,0.167984,0.014337,0.187500,0.086071,0.145030,0.027592,0.000000,0.000000,0.000000,0.104927
late,light_object_shift,corm_no_safety,80,0.187500,0.086071,0.125608,0.014898,0.287500,0.099805,0.130740,0.027398,0.595669,0.113300,0.000000,0.077792
late,light_object_shift,corm_no_uncertainty,80,0.262500,0.097026,0.136374,0.019996,0.162500,0.081351,0.103289,0.023653,0.920000,0.103220,0.075000,0.055784
late,light_object_shift,corm_repair_memory_v5,80,0.175000,0.083789,0.135768,0.017838,0.237500,0.093841,0.125659,0.026171,0.587201,0.114899,0.012500,0.079053
late,light_object_shift,global_average_repair,80,0.112500,0.069679,0.149610,0.018927,0.300000,0.101054,0.158870,0.028069,0.528802,0.174287,0.000000,0.115911
late,light_object_shift,knn_repair_memory_v4,80,0.125000,0.072929,0.132418,0.014872,0.275000,0.098464,0.133891,0.026000,0.596877,0.176678,0.000000,0.087319
late,light_object_shift,last_repair_memory,80,0.025000,0.034428,0.170019,0.019517,0.337500,0.104273,0.191332,0.027160,0.055556,0.160000,0.000000,0.140629
late,light_object_shift,nominal_mpc,80,0.012500,0.024500,0.174009,0.019690,0.350000,0.105180,0.199182,0.027586,0.000000,0.000000,0.000000,0.143135
late,light_object_shift,online_ridge_residual,80,0.312500,0.102212,0.128985,0.022234,0.250000,0.095487,0.122035,0.031364,0.920000,0.106818,0.000000,0.067638
late,light_object_shift,oracle_hidden_deployment,80,0.537500,0.109948,0.082545,0.012119,0.000000,0.000000,0.000000,0.000000,0.000000,0.000000,0.000000,0.127771
late,light_object_shift,random_candidate,80,0.025000,0.034428,0.296629,0.042726,0.575000,0.109011,0.388942,0.045865,0.000000,0.000000,0.000000,0.171496
late,light_object_shift,robust_worst_case_mpc,80,0.112500,0.069679,0.156684,0.019318,0.225000,0.092084,0.142205,0.024773,0.000000,0.000000,0.000000,0.134300
late,low_friction_shift,corm_no_safety,80,0.187500,0.086071,0.127699,0.012550,0.325000,0.103285,0.140097,0.030439,0.617962,0.112783,0.000000,0.078468
late,low_friction_shift,corm_no_uncertainty,80,0.250000,0.095487,0.151938,0.022975,0.187500,0.086071,0.122848,0.029155,0.920000,0.107514,0.037500,0.064197
late,low_friction_shift,corm_repair_memory_v5,80,0.175000,0.083789,0.141532,0.018856,0.237500,0.093841,0.127335,0.029195,0.621692,0.110691,0.037500,0.075823
late,low_friction_shift,global_average_repair,80,0.225000,0.092084,0.124464,0.013328,0.337500,0.104273,0.140419,0.030806,0.556122,0.158039,0.000000,0.086208
late,low_friction_shift,knn_repair_memory_v4,80,0.287500,0.099805,0.113231,0.012895,0.325000,0.103285,0.125462,0.030366,0.605108,0.171269,0.000000,0.069130
late,low_friction_shift,last_repair_memory,80,0.125000,0.072929,0.141763,0.012246,0.350000,0.105180,0.162026,0.029553,0.055556,0.160000,0.000000,0.101322
late,low_friction_shift,nominal_mpc,80,0.125000,0.072929,0.142293,0.012104,0.337500,0.104273,0.158741,0.029362,0.000000,0.000000,0.000000,0.103448
late,low_friction_shift,online_ridge_residual,80,0.250000,0.095487,0.133234,0.019698,0.287500,0.099805,0.134228,0.035558,0.920000,0.115292,0.000000,0.085283
late,low_friction_shift,oracle_hidden_deployment,80,0.487500,0.110224,0.086643,0.011005,0.000000,0.000000,0.000000,0.000000,0.000000,0.000000,0.000000,0.105511
late,low_friction_shift,random_candidate,80,0.012500,0.024500,0.283347,0.027269,0.587500,0.108557,0.374728,0.041269,0.000000,0.000000,0.000000,0.122904
late,low_friction_shift,robust_worst_case_mpc,80,0.200000,0.088207,0.120217,0.011516,0.250000,0.095487,0.109251,0.027669,0.000000,0.000000,0.000000,0.088547
late,nominal,corm_no_safety,80,0.337500,0.104273,0.087262,0.010297,0.262500,0.097026,0.096375,0.029084,0.669011,0.087600,0.000000,0.037982
late,nominal,corm_no_uncertainty,80,0.325000,0.103285,0.093678,0.011164,0.162500,0.081351,0.072393,0.024369,0.920000,0.084059,0.000000,0.035861
late,nominal,corm_repair_memory_v5,80,0.350000,0.105180,0.086086,0.010222,0.250000,0.095487,0.091631,0.028653,0.673040,0.085718,0.000000,0.035723
late,nominal,global_average_repair,80,0.462500,0.109948,0.079561,0.010964,0.225000,0.092084,0.077994,0.026442,0.617553,0.122031,0.000000,0.039123
late,nominal,knn_repair_memory_v4,80,0.412500,0.108557,0.080228,0.010493,0.225000,0.092084,0.078272,0.027204,0.647295,0.135695,0.000000,0.034515
late,nominal,last_repair_memory,80,0.475000,0.110121,0.080374,0.010100,0.212500,0.090208,0.075116,0.026049,0.055556,0.160000,0.000000,0.040811
late,nominal,nominal_mpc,80,0.450000,0.109706,0.082925,0.010443,0.212500,0.090208,0.077640,0.026217,0.000000,0.000000,0.000000,0.041507
late,nominal,online_ridge_residual,80,0.350000,0.105180,0.088713,0.010266,0.200000,0.088207,0.078893,0.025976,0.920000,0.085579,0.000000,0.036194
late,nominal,oracle_hidden_deployment,80,0.637500,0.106008,0.069503,0.009362,0.000000,0.000000,0.000000,0.000000,0.000000,0.000000,0.000000,0.042323
late,nominal,random_candidate,80,0.025000,0.034428,0.248800,0.025676,0.450000,0.109706,0.314949,0.037148,0.000000,0.000000,0.000000,0.059947
late,nominal,robust_worst_case_mpc,80,0.275000,0.098464,0.106397,0.010818,0.125000,0.072929,0.073538,0.022149,0.000000,0.000000,0.000000,0.037213
late,nonstationary_deployment_shift,corm_no_safety,80,0.175000,0.083789,0.157021,0.019116,0.337500,0.104273,0.170098,0.032416,0.489552,0.164194,0.000000,0.126863
late,nonstationary_deployment_shift,corm_no_uncertainty,80,0.112500,0.069679,0.188173,0.023011,0.187500,0.086071,0.155091,0.024608,0.920000,0.144414,0.075000,0.108959
late,nonstationary_deployment_shift,corm_repair_memory_v5,80,0.175000,0.083789,0.161844,0.019778,0.325000,0.103285,0.171294,0.033160,0.479965,0.165954,0.025000,0.132631
late,nonstationary_deployment_shift,global_average_repair,80,0.187500,0.086071,0.161656,0.018303,0.362500,0.106008,0.181838,0.033879,0.455942,0.223902,0.000000,0.134551
late,nonstationary_deployment_shift,knn_repair_memory_v4,80,0.200000,0.088207,0.154789,0.017495,0.325000,0.103285,0.163955,0.032518,0.540249,0.229427,0.000000,0.122191
late,nonstationary_deployment_shift,last_repair_memory,80,0.137500,0.075940,0.173040,0.019344,0.312500,0.102212,0.177972,0.033678,0.055556,0.160000,0.000000,0.142343
late,nonstationary_deployment_shift,nominal_mpc,80,0.137500,0.075940,0.173624,0.019474,0.312500,0.102212,0.178597,0.033486,0.000000,0.000000,0.000000,0.141704
late,nonstationary_deployment_shift,online_ridge_residual,80,0.175000,0.083789,0.159697,0.019976,0.400000,0.108031,0.190520,0.032965,0.920000,0.154793,0.000000,0.123321
late,nonstationary_deployment_shift,oracle_hidden_deployment,80,0.450000,0.109706,0.088787,0.013391,0.000000,0.000000,0.000000,0.000000,0.000000,0.000000,0.000000,0.133218
late,nonstationary_deployment_shift,random_candidate,80,0.012500,0.024500,0.249265,0.022985,0.525000,0.110121,0.318380,0.037681,0.000000,0.000000,0.000000,0.140448
late,nonstationary_deployment_shift,robust_worst_case_mpc,80,0.150000,0.078740,0.159958,0.017058,0.262500,0.097026,0.148908,0.030726,0.000000,0.000000,0.000000,0.103647
late,obstacle_shift,corm_no_safety,80,0.012500,0.024500,0.166715,0.016072,0.362500,0.106008,0.164097,0.030921,0.582783,0.115260,0.000000,0.082162
late,obstacle_shift,corm_no_uncertainty,80,0.050000,0.048061,0.214718,0.023489,0.137500,0.075940,0.144085,0.023946,0.920000,0.101506,0.050000,0.055502
late,obstacle_shift,corm_repair_memory_v5,80,0.012500,0.024500,0.188361,0.021570,0.237500,0.093841,0.147821,0.026247,0.598868,0.111632,0.037500,0.071439
late,obstacle_shift,global_average_repair,80,0.025000,0.034428,0.171345,0.015804,0.425000,0.109011,0.188008,0.030069,0.522257,0.180294,0.000000,0.114386
late,obstacle_shift,knn_repair_memory_v4,80,0.012500,0.024500,0.170414,0.014940,0.412500,0.108557,0.182789,0.029266,0.596616,0.179695,0.000000,0.089246
late,obstacle_shift,last_repair_memory,80,0.025000,0.034428,0.178612,0.015457,0.412500,0.108557,0.191609,0.029601,0.055556,0.160000,0.000000,0.122406
late,obstacle_shift,nominal_mpc,80,0.025000,0.034428,0.179057,0.015410,0.412500,0.108557,0.191889,0.029688,0.000000,0.000000,0.000000,0.124289
late,obstacle_shift,online_ridge_residual,80,0.050000,0.048061,0.178673,0.017575,0.312500,0.102212,0.160938,0.027549,0.920000,0.117115,0.000000,0.076725
late,obstacle_shift,oracle_hidden_deployment,80,0.325000,0.103285,0.111785,0.013164,0.000000,0.000000,0.000000,0.000000,0.000000,0.000000,0.000000,0.140043
late,obstacle_shift,random_candidate,80,0.000000,0.000000,0.264905,0.026146,0.525000,0.110121,0.311774,0.035355,0.000000,0.000000,0.000000,0.119035
late,obstacle_shift,robust_worst_case_mpc,80,0.025000,0.034428,0.177959,0.015127,0.362500,0.106008,0.174381,0.027416,0.000000,0.000000,0.000000,0.104508
middle,actuation_bias_shift,corm_no_safety,88,0.136364,0.072113,0.132798,0.014072,0.329545,0.098773,0.149801,0.028563,0.512536,0.120370,0.000000,0.087386
middle,actuation_bias_shift,corm_no_uncertainty,88,0.147727,0.074562,0.157219,0.019283,0.250000,0.090991,0.150179,0.029434,0.920000,0.118500,0.034091,0.075786
middle,actuation_bias_shift,corm_repair_memory_v5,88,0.136364,0.072113,0.143645,0.016791,0.261364,0.092328,0.140247,0.028165,0.522630,0.119593,0.011364,0.086859
middle,actuation_bias_shift,global_average_repair,88,0.125000,0.069495,0.143472,0.016450,0.363636,0.101084,0.171090,0.030580,0.519661,0.168055,0.000000,0.114260
middle,actuation_bias_shift,knn_repair_memory_v4,88,0.125000,0.069495,0.141228,0.015372,0.318182,0.097874,0.155126,0.029282,0.515925,0.182379,0.000000,0.104056
middle,actuation_bias_shift,last_repair_memory,88,0.102273,0.063672,0.157672,0.020616,0.340909,0.099607,0.178669,0.034789,0.055556,0.160000,0.000000,0.134241
middle,actuation_bias_shift,nominal_mpc,88,0.090909,0.060409,0.160835,0.020529,0.352273,0.100376,0.185147,0.034893,0.000000,0.000000,0.000000,0.135613
middle,actuation_bias_shift,online_ridge_residual,88,0.181818,0.081048,0.135547,0.017864,0.306818,0.096908,0.145719,0.029008,0.920000,0.121190,0.000000,0.086427
middle,actuation_bias_shift,oracle_hidden_deployment,88,0.534091,0.104823,0.082592,0.010809,0.000000,0.000000,0.000000,0.000000,0.000000,0.000000,0.000000,0.101055
middle,actuation_bias_shift,random_candidate,88,0.011364,0.022273,0.245915,0.023358,0.534091,0.104823,0.324901,0.035170,0.000000,0.000000,0.000000,0.154562
middle,actuation_bias_shift,robust_worst_case_mpc,88,0.125000,0.069495,0.156033,0.017715,0.272727,0.093586,0.154946,0.030083,0.000000,0.000000,0.000000,0.109748
middle,combined_shift,corm_no_safety,88,0.125000,0.069495,0.161351,0.017887,0.465909,0.104823,0.207245,0.030887,0.477988,0.138161,0.000000,0.125314
middle,combined_shift,corm_no_uncertainty,88,0.090909,0.060409,0.203903,0.026806,0.272727,0.093586,0.191952,0.030728,0.920000,0.136674,0.113636,0.097379
middle,combined_shift,corm_repair_memory_v5,88,0.090909,0.060409,0.194990,0.020800,0.340909,0.099607,0.203475,0.028625,0.464078,0.136181,0.022727,0.119277
middle,combined_shift,global_average_repair,88,0.056818,0.048645,0.186820,0.017863,0.431818,0.104086,0.223256,0.032234,0.439182,0.223309,0.000000,0.163655
middle,combined_shift,knn_repair_memory_v4,88,0.079545,0.056860,0.177459,0.017923,0.397727,0.102846,0.203577,0.031577,0.466024,0.231801,0.000000,0.142840
middle,combined_shift,last_repair_memory,88,0.045455,0.043771,0.193223,0.018642,0.454545,0.104632,0.236038,0.032760,0.055556,0.160000,0.000000,0.176485
middle,combined_shift,nominal_mpc,88,0.056818,0.048645,0.196703,0.019426,0.477273,0.104958,0.246405,0.033431,0.000000,0.000000,0.000000,0.182167
middle,combined_shift,online_ridge_residual,88,0.125000,0.069495,0.165804,0.020772,0.454545,0.104632,0.208559,0.032230,0.920000,0.144786,0.000000,0.118116
middle,combined_shift,oracle_hidden_deployment,88,0.465909,0.104823,0.088139,0.013062,0.022727,0.031317,0.000000,0.000000,0.000000,0.000000,0.000000,0.128908
middle,combined_shift,random_candidate,88,0.000000,0.000000,0.250656,0.022482,0.352273,0.100376,0.262577,0.033988,0.000000,0.000000,0.000000,0.157460
middle,combined_shift,robust_worst_case_mpc,88,0.068182,0.052966,0.194900,0.017416,0.363636,0.101084,0.208838,0.029821,0.000000,0.000000,0.000000,0.153233
middle,heavy_object_shift,corm_no_safety,88,0.318182,0.097874,0.106538,0.013133,0.340909,0.099607,0.137489,0.031744,0.534318,0.111675,0.000000,0.069929
middle,heavy_object_shift,corm_no_uncertainty,88,0.250000,0.090991,0.133888,0.020054,0.215909,0.086460,0.127376,0.027527,0.920000,0.111123,0.034091,0.058520
middle,heavy_object_shift,corm_repair_memory_v5,88,0.306818,0.096908,0.113993,0.016375,0.261364,0.092328,0.121042,0.027693,0.556973,0.108166,0.011364,0.062209
middle,heavy_object_shift,global_average_repair,88,0.284091,0.094766,0.113267,0.013296,0.340909,0.099607,0.144475,0.031181,0.526741,0.161858,0.000000,0.094621
middle,heavy_object_shift,knn_repair_memory_v4,88,0.284091,0.094766,0.114217,0.013105,0.352273,0.100376,0.148786,0.031834,0.525547,0.172652,0.000000,0.080828
middle,heavy_object_shift,last_repair_memory,88,0.261364,0.092328,0.125645,0.013869,0.352273,0.100376,0.160225,0.032386,0.055556,0.160000,0.000000,0.103781
middle,heavy_object_shift,nominal_mpc,88,0.284091,0.094766,0.122229,0.014025,0.340909,0.099607,0.153350,0.031993,0.000000,0.000000,0.000000,0.101424
middle,heavy_object_shift,online_ridge_residual,88,0.261364,0.092328,0.112945,0.013660,0.306818,0.096908,0.133784,0.029992,0.920000,0.112195,0.000000,0.062745
middle,heavy_object_shift,oracle_hidden_deployment,88,0.647727,0.100376,0.071315,0.011421,0.000000,0.000000,0.000000,0.000000,0.000000,0.000000,0.000000,0.086455
middle,heavy_object_shift,random_candidate,88,0.045455,0.043771,0.251463,0.024312,0.443182,0.104386,0.313576,0.038496,0.000000,0.000000,0.000000,0.095256
middle,heavy_object_shift,robust_worst_case_mpc,88,0.181818,0.081048,0.132966,0.012686,0.227273,0.088061,0.128850,0.027397,0.000000,0.000000,0.000000,0.072310
middle,high_friction_shift,corm_no_safety,88,0.159091,0.076859,0.138135,0.015781,0.295455,0.095873,0.148360,0.031766,0.494814,0.140502,0.000000,0.093874
middle,high_friction_shift,corm_no_uncertainty,88,0.125000,0.069495,0.164959,0.018951,0.193182,0.082960,0.144605,0.026346,0.920000,0.138638,0.022727,0.089870
middle,high_friction_shift,corm_repair_memory_v5,88,0.159091,0.076859,0.140693,0.017116,0.272727,0.093586,0.144201,0.030840,0.493042,0.141640,0.011364,0.095255
middle,high_friction_shift,global_average_repair,88,0.079545,0.056860,0.146520,0.012427,0.329545,0.098773,0.167043,0.031376,0.481614,0.191669,0.000000,0.121389
middle,high_friction_shift,knn_repair_memory_v4,88,0.147727,0.074562,0.138073,0.011993,0.284091,0.094766,0.144905,0.032034,0.500127,0.199799,0.000000,0.098841
middle,high_friction_shift,last_repair_memory,88,0.068182,0.052966,0.159228,0.012721,0.329545,0.098773,0.179723,0.033422,0.055556,0.160000,0.000000,0.137726
middle,high_friction_shift,nominal_mpc,88,0.045455,0.043771,0.160928,0.012655,0.329545,0.098773,0.181178,0.032941,0.000000,0.000000,0.000000,0.140803
middle,high_friction_shift,online_ridge_residual,88,0.113636,0.066690,0.156833,0.018897,0.306818,0.096908,0.170824,0.031641,0.920000,0.149040,0.000000,0.112871
middle,high_friction_shift,oracle_hidden_deployment,88,0.534091,0.104823,0.078914,0.009898,0.000000,0.000000,0.000000,0.000000,0.000000,0.000000,0.000000,0.101931
middle,high_friction_shift,random_candidate,88,0.022727,0.031317,0.265424,0.024831,0.500000,0.105067,0.336829,0.040366,0.000000,0.000000,0.000000,0.132395
middle,high_friction_shift,robust_worst_case_mpc,88,0.056818,0.048645,0.171213,0.013675,0.204545,0.084762,0.152334,0.026780,0.000000,0.000000,0.000000,0.116386
middle,light_object_shift,corm_no_safety,88,0.102273,0.063672,0.135199,0.011270,0.306818,0.096908,0.141744,0.026462,0.540319,0.117763,0.000000,0.088123
middle,light_object_shift,corm_no_uncertainty,88,0.193182,0.082960,0.150523,0.020297,0.238636,0.089570,0.135974,0.028682,0.920000,0.116172,0.068182,0.066111
middle,light_object_shift,corm_repair_memory_v5,88,0.102273,0.063672,0.139212,0.013465,0.295455,0.095873,0.142246,0.026810,0.532841,0.118468,0.011364,0.088675
middle,light_object_shift,global_average_repair,88,0.079545,0.056860,0.131755,0.011481,0.397727,0.102846,0.165491,0.028462,0.511304,0.172543,0.000000,0.098045
middle,light_object_shift,knn_repair_memory_v4,88,0.113636,0.066690,0.138599,0.012961,0.352273,0.100376,0.158862,0.029180,0.504774,0.195028,0.000000,0.098962
middle,light_object_shift,last_repair_memory,88,0.011364,0.022273,0.160957,0.013868,0.386364,0.102318,0.192431,0.027628,0.055556,0.160000,0.000000,0.132850
middle,light_object_shift,nominal_mpc,88,0.011364,0.022273,0.172861,0.016807,0.397727,0.102846,0.208121,0.028923,0.000000,0.000000,0.000000,0.142640
middle,light_object_shift,online_ridge_residual,88,0.238636,0.089570,0.123326,0.013889,0.272727,0.093586,0.118797,0.026510,0.920000,0.116181,0.000000,0.067299
middle,light_object_shift,oracle_hidden_deployment,88,0.511364,0.105040,0.086659,0.011523,0.000000,0.000000,0.000000,0.000000,0.000000,0.000000,0.000000,0.124145
middle,light_object_shift,random_candidate,88,0.011364,0.022273,0.334332,0.036999,0.511364,0.105040,0.403360,0.036481,0.000000,0.000000,0.000000,0.171276
middle,light_object_shift,robust_worst_case_mpc,88,0.102273,0.063672,0.147467,0.014598,0.261364,0.092328,0.139708,0.025467,0.000000,0.000000,0.000000,0.115548
middle,low_friction_shift,corm_no_safety,88,0.193182,0.082960,0.126845,0.014338,0.340909,0.099607,0.144500,0.027936,0.531894,0.123046,0.000000,0.077968
middle,low_friction_shift,corm_no_uncertainty,88,0.215909,0.086460,0.144181,0.021657,0.238636,0.089570,0.130416,0.025941,0.920000,0.117581,0.022727,0.063057
middle,low_friction_shift,corm_repair_memory_v5,88,0.193182,0.082960,0.133797,0.016977,0.306818,0.096908,0.141097,0.026599,0.532543,0.122672,0.022727,0.073804
middle,low_friction_shift,global_average_repair,88,0.181818,0.081048,0.126618,0.013607,0.329545,0.098773,0.140815,0.028552,0.540602,0.153996,0.000000,0.086932
middle,low_friction_shift,knn_repair_memory_v4,88,0.170455,0.079017,0.126181,0.013763,0.284091,0.094766,0.126554,0.027223,0.518990,0.177510,0.000000,0.078949
middle,low_friction_shift,last_repair_memory,88,0.102273,0.063672,0.138186,0.012780,0.340909,0.099607,0.156185,0.026471,0.055556,0.160000,0.000000,0.101202
middle,low_friction_shift,nominal_mpc,88,0.102273,0.063672,0.138444,0.012698,0.340909,0.099607,0.156443,0.026513,0.000000,0.000000,0.000000,0.101674
middle,low_friction_shift,online_ridge_residual,88,0.215909,0.086460,0.131965,0.016108,0.295455,0.095873,0.135485,0.027002,0.920000,0.124885,0.000000,0.078408
middle,low_friction_shift,oracle_hidden_deployment,88,0.511364,0.105040,0.085830,0.011999,0.000000,0.000000,0.000000,0.000000,0.000000,0.000000,0.000000,0.104691
middle,low_friction_shift,random_candidate,88,0.000000,0.000000,0.250251,0.024945,0.511364,0.105040,0.319527,0.030640,0.000000,0.000000,0.000000,0.103426
middle,low_friction_shift,robust_worst_case_mpc,88,0.159091,0.076859,0.118807,0.012762,0.318182,0.097874,0.128718,0.026593,0.000000,0.000000,0.000000,0.087367
middle,nominal,corm_no_safety,88,0.329545,0.098773,0.099977,0.009958,0.159091,0.076859,0.065072,0.022353,0.568009,0.102393,0.000000,0.035099
middle,nominal,corm_no_uncertainty,88,0.295455,0.095873,0.106403,0.012588,0.090909,0.060409,0.050630,0.018288,0.920000,0.098240,0.011364,0.032549
middle,nominal,corm_repair_memory_v5,88,0.329545,0.098773,0.103741,0.012169,0.125000,0.069495,0.058439,0.020919,0.568632,0.102097,0.011364,0.033039
middle,nominal,global_average_repair,88,0.363636,0.101084,0.098521,0.011057,0.215909,0.086460,0.081256,0.026355,0.589837,0.124332,0.000000,0.042446
middle,nominal,knn_repair_memory_v4,88,0.386364,0.102318,0.096001,0.010041,0.113636,0.066690,0.047296,0.019048,0.562627,0.140850,0.000000,0.034019
middle,nominal,last_repair_memory,88,0.352273,0.100376,0.099972,0.010514,0.204545,0.084762,0.078999,0.025305,0.055556,0.160000,0.000000,0.045265
middle,nominal,nominal_mpc,88,0.329545,0.098773,0.101532,0.010567,0.204545,0.084762,0.080498,0.025212,0.000000,0.000000,0.000000,0.045523
middle,nominal,online_ridge_residual,88,0.318182,0.097874,0.103859,0.011793,0.125000,0.069495,0.058490,0.020860,0.920000,0.099427,0.000000,0.032350
middle,nominal,oracle_hidden_deployment,88,0.534091,0.104823,0.082387,0.010197,0.000000,0.000000,0.000000,0.000000,0.000000,0.000000,0.000000,0.038806
middle,nominal,random_candidate,88,0.034091,0.038131,0.244790,0.023834,0.477273,0.104958,0.305968,0.037173,0.000000,0.000000,0.000000,0.085899
middle,nominal,robust_worst_case_mpc,88,0.215909,0.086460,0.118635,0.010209,0.079545,0.056860,0.058732,0.017920,0.000000,0.000000,0.000000,0.033230
middle,nonstationary_deployment_shift,corm_no_safety,88,0.045455,0.043771,0.176787,0.017579,0.443182,0.104386,0.211687,0.030346,0.413135,0.158380,0.000000,0.156055
middle,nonstationary_deployment_shift,corm_no_uncertainty,88,0.011364,0.022273,0.209400,0.023713,0.318182,0.097874,0.205357,0.028245,0.920000,0.148910,0.125000,0.128233
middle,nonstationary_deployment_shift,corm_repair_memory_v5,88,0.045455,0.043771,0.184533,0.019374,0.454545,0.104632,0.222705,0.030822,0.411211,0.159921,0.011364,0.152831
middle,nonstationary_deployment_shift,global_average_repair,88,0.056818,0.048645,0.177448,0.015666,0.477273,0.104958,0.222340,0.031306,0.435382,0.227022,0.000000,0.151859
middle,nonstationary_deployment_shift,knn_repair_memory_v4,88,0.045455,0.043771,0.176562,0.017236,0.511364,0.105040,0.231781,0.031230,0.456566,0.242803,0.000000,0.152020
middle,nonstationary_deployment_shift,last_repair_memory,88,0.045455,0.043771,0.176314,0.016737,0.465909,0.104823,0.217515,0.031907,0.055556,0.160000,0.000000,0.161640
middle,nonstationary_deployment_shift,nominal_mpc,88,0.045455,0.043771,0.179044,0.017121,0.454545,0.104632,0.216808,0.031884,0.000000,0.000000,0.000000,0.158983
middle,nonstationary_deployment_shift,online_ridge_residual,88,0.056818,0.048645,0.173081,0.015892,0.363636,0.101084,0.183364,0.027725,0.920000,0.157371,0.000000,0.142100
middle,nonstationary_deployment_shift,oracle_hidden_deployment,88,0.397727,0.102846,0.099620,0.013424,0.000000,0.000000,0.000000,0.000000,0.000000,0.000000,0.000000,0.128565
middle,nonstationary_deployment_shift,random_candidate,88,0.000000,0.000000,0.293337,0.028243,0.397727,0.102846,0.313933,0.037543,0.000000,0.000000,0.000000,0.160309
middle,nonstationary_deployment_shift,robust_worst_case_mpc,88,0.068182,0.052966,0.175591,0.015689,0.340909,0.099607,0.177523,0.027530,0.000000,0.000000,0.000000,0.125282
middle,obstacle_shift,corm_no_safety,88,0.068182,0.052966,0.176334,0.017555,0.306818,0.096908,0.164493,0.029420,0.499549,0.124494,0.000000,0.101336
middle,obstacle_shift,corm_no_uncertainty,88,0.056818,0.048645,0.209008,0.023137,0.102273,0.063672,0.134682,0.022198,0.920000,0.112764,0.022727,0.064163
middle,obstacle_shift,corm_repair_memory_v5,88,0.068182,0.052966,0.180138,0.018111,0.272727,0.093586,0.157653,0.028488,0.505627,0.122983,0.022727,0.093126
middle,obstacle_shift,global_average_repair,88,0.056818,0.048645,0.169722,0.016831,0.363636,0.101084,0.175027,0.029018,0.503411,0.179156,0.000000,0.116464
middle,obstacle_shift,knn_repair_memory_v4,88,0.056818,0.048645,0.178619,0.017535,0.318182,0.097874,0.170340,0.029922,0.503104,0.196968,0.000000,0.112016
middle,obstacle_shift,last_repair_memory,88,0.056818,0.048645,0.176889,0.015960,0.329545,0.098773,0.172029,0.028708,0.055556,0.160000,0.000000,0.122156
middle,obstacle_shift,nominal_mpc,88,0.068182,0.052966,0.173317,0.016352,0.318182,0.097874,0.164993,0.029347,0.000000,0.000000,0.000000,0.123576
middle,obstacle_shift,online_ridge_residual,88,0.056818,0.048645,0.190668,0.018336,0.250000,0.090991,0.161654,0.028682,0.920000,0.126188,0.000000,0.097115
middle,obstacle_shift,oracle_hidden_deployment,88,0.386364,0.102318,0.104556,0.014246,0.000000,0.000000,0.000000,0.000000,0.000000,0.000000,0.000000,0.128808
middle,obstacle_shift,random_candidate,88,0.011364,0.022273,0.274766,0.026985,0.454545,0.104632,0.307366,0.032668,0.000000,0.000000,0.000000,0.139723
middle,obstacle_shift,robust_worst_case_mpc,88,0.034091,0.038131,0.174326,0.015232,0.284091,0.094766,0.154499,0.027858,0.000000,0.000000,0.000000,0.101051
